model,feature_count,num_samples,cases,explanation_runs,correct_case_fraction,runtime_mean_seconds,runtime_median_seconds,runtime_std_seconds,fidelity_mean,fidelity_std,spearman_stability_mean,top5_jaccard_mean
LogisticRegression,18,500,21,105,0.47619047619047616,0.006505843990487934,0.006269999998039566,0.0007823652550631773,0.41690348913411573,0.21604904444433917,0.513348529459312,0.46730914588057443
LogisticRegression,18,1000,21,105,0.47619047619047616,0.008760174171489088,0.007808999995177146,0.004182035699021332,0.4026431746429537,0.22254018926817562,0.5763938972957305,0.49686318972033255
LogisticRegression,18,2500,21,105,0.47619047619047616,0.012873250780657621,0.01246687499951804,0.0009661011060609062,0.4057235688127123,0.22208604207936986,0.7758291559868536,0.5710506424792139
LogisticRegression,18,5000,21,105,0.47619047619047616,0.020994003561888044,0.020168041002762038,0.0025897522302820376,0.40327189119457435,0.2205882589118597,0.8205049921933424,0.6399659863945578
LogisticRegression,18,10000,21,105,0.47619047619047616,0.03678307581867557,0.03475895900191972,0.006212635817854664,0.4028619712050136,0.2211604577121373,0.8780068859016227,0.6666666666666666
LogisticRegression,36,500,21,105,0.47619047619047616,0.00799488887631534,0.007028665997495409,0.005443595335701934,0.3258073879649984,0.17140677349972447,0.44796280063699234,0.30729402872260014
LogisticRegression,36,1000,21,105,0.47619047619047616,0.009077349609634395,0.008750499997404404,0.0008195438295140984,0.331647926224264,0.17636273583062465,0.40017376405048943,0.3376795162509448
LogisticRegression,36,2500,21,105,0.47619047619047616,0.01473179994313146,0.01415850000194041,0.0023723089176873762,0.32026239668515366,0.17777443522456693,0.5693299842721999,0.3726190476190476
LogisticRegression,36,5000,21,105,0.47619047619047616,0.024578824990506596,0.022895709000295028,0.009455523788303723,0.3193158010081945,0.17850090915783917,0.6939492637996344,0.5178193499622071
LogisticRegression,36,10000,21,105,0.47619047619047616,0.04893762538115316,0.04015683400211856,0.06136992795503554,0.31724386773764707,0.17781809490365458,0.7396401905425968,0.5266439909297052
LogisticRegression,54,500,21,105,0.47619047619047616,0.00809849170452383,0.007685667005716823,0.0014890113657960039,0.25253668924813566,0.09913606864866885,0.30521267246088124,0.236432350718065
LogisticRegression,54,1000,21,105,0.47619047619047616,0.010109486105197686,0.009641750002629124,0.0014586837674994484,0.23713356075389014,0.09463495541776443,0.2830133696503619,0.19659863945578232
LogisticRegression,54,2500,21,105,0.47619047619047616,0.0162214357244444,0.015719292001449503,0.001688363593129467,0.23223766405207863,0.09055108381508581,0.41312680890741216,0.2737528344671202
LogisticRegression,54,5000,21,105,0.47619047619047616,0.02670175791406239,0.025805291996221058,0.003401703243977011,0.22682917228138041,0.08329978567959304,0.5262754114767509,0.3339758125472411
LogisticRegression,54,10000,21,105,0.47619047619047616,0.04713175630493511,0.046042250003665686,0.002814868345379316,0.23133749232413384,0.08324347567613057,0.6222239691920491,0.3997921390778533
